{"cameraMode":{"drawMode":0,"name":"Shaded","section":"Shading Mode"},"sceneLighting":false,"audioPlay":false,"sceneViewState":{"showFog":true,"showMaterialUpdate":false,"showSkybox":false,"showFlares":true,"showImageEffects":true,"showParticleSystems":true},"in2DMode":false,"pivot":{"x":0.0,"y":0.235354483127594,"z":5.960464477539063e-8},"rotation":{"x":-0.027848606929183008,"y":-0.9664608836174011,"z":0.11921873688697815,"w":-0.22575388848781587},"size":2.8246116638183595,"orthographic":false}