{"cameraMode":{"drawMode":0,"name":"Shaded","section":"Shading Mode"},"sceneLighting":true,"audioPlay":false,"sceneViewState":{"showFog":true,"showMaterialUpdate":false,"showSkybox":false,"showFlares":true,"showImageEffects":true,"showParticleSystems":true},"in2DMode":false,"pivot":{"x":-2.466292142868042,"y":29.934919357299806,"z":-8.139453887939454},"rotation":{"x":0.10619769990444184,"y":0.15420784056186677,"z":-0.016673337668180467,"w":0.9821730852127075},"size":22.0,"orthographic":false}