{"cameraMode":{"drawMode":0,"name":"Shaded","section":"Shading Mode"},"sceneLighting":false,"audioPlay":false,"sceneViewState":{"showFog":true,"showMaterialUpdate":false,"showSkybox":false,"showFlares":true,"showImageEffects":true,"showParticleSystems":true},"in2DMode":false,"pivot":{"x":2.2535951137542726,"y":29.93861961364746,"z":-12.967092514038086},"rotation":{"x":-0.3662830889225006,"y":0.15658830106258393,"z":-0.06267869472503662,"w":-0.9150891900062561},"size":3.652925729751587,"orthographic":false}