{"cameraMode":{"drawMode":0,"name":"Shaded","section":"Shading Mode"},"sceneLighting":false,"audioPlay":false,"sceneViewState":{"showFog":true,"showMaterialUpdate":false,"showSkybox":false,"showFlares":true,"showImageEffects":true,"showParticleSystems":true},"in2DMode":false,"pivot":{"x":-31.18494415283203,"y":30.970611572265626,"z":-75.68611145019531},"rotation":{"x":0.025774922221899034,"y":-0.9735332131385803,"z":0.1409064382314682,"w":0.17808498442173005},"size":9.701926231384278,"orthographic":false}