{"cameraMode":{"drawMode":0,"name":"Shaded","section":"Shading Mode"},"sceneLighting":true,"audioPlay":false,"sceneViewState":{"showFog":true,"showMaterialUpdate":false,"showSkybox":true,"showFlares":true,"showImageEffects":true,"showParticleSystems":true},"in2DMode":false,"pivot":{"x":7.244052410125732,"y":35.32268524169922,"z":-6.161815166473389},"rotation":{"x":-0.10245499759912491,"y":0.8914914727210999,"z":-0.25224560499191286,"w":-0.3621025085449219},"size":0.0702214241027832,"orthographic":false}