{"cameraMode":{"drawMode":0,"name":"Shaded","section":"Shading Mode"},"sceneLighting":false,"audioPlay":false,"sceneViewState":{"showFog":true,"showMaterialUpdate":false,"showSkybox":false,"showFlares":true,"showImageEffects":true,"showParticleSystems":true},"in2DMode":false,"pivot":{"x":0.0017616748809814454,"y":-0.009521007537841797,"z":0.005886554718017578},"rotation":{"x":-0.027848606929183008,"y":-0.9664608836174011,"z":0.11921873688697815,"w":-0.22575388848781587},"size":11.494719505310059,"orthographic":false}